{"avr_fill_ratio": 0.5421002189291656, "avr_overlap_area": 1523.9273083751389, "avr_cutoff_area": 2691.43373957079}