{"losses": [17.274786631266277, 16.710524757703148, 16.357136269410454, 16.175272166728973, 16.14602198203405, 16.118199229240417, 16.097859740257263, 16.079411705334984, 16.06806069612503, 16.066156824429832], "losses_bce_adj": [1.2148241599400842, 1.0476178626219432, 0.8797769447167716, 0.7988710304101309, 0.7921822567780814, 0.7769949287176134, 0.7666780402263007, 0.7581398785114289, 0.7523543039957683, 0.7505407681067786], "losses_bce_dir": [2.0007564624150596, 1.7311152443289757, 1.5850912034511566, 1.4825597777962685, 1.4612387120723724, 1.4480328808228176, 1.436757892370224, 1.42633984486262, 1.4206498240431151, 1.4202904949585597], "losses_mse": [14.059205651283264, 13.931791067123411, 13.892267584800722, 13.893840789794924, 13.892600417137144, 13.893170952796936, 13.894423604011536, 13.894931316375734, 13.89505624771118, 13.89532482624054]}