{"fill_ratios": [0.7395789257346765, 0.7737601066759747, 0.8141425716485231, 0.7779204615555384, 0.8479876499185117, 0.7080239087043545, 0.8895627623629018, 0.7361796525998637, 0.791802683076028, 0.7716779024102031, 0.7556899351102768, 0.7907323383996718, 0.8130275228217264, 0.8260356546558336, 0.7566410631838033, 0.8034, 0.9087038206450654, 0.7215640777936034, 0.713313065455574, 0.6751675300131725, 0.7384847020401155, 0.7681507014966492, 0.7455986779677245, 0.7479020013406673, 0.659007497119469, 0.7064041325486072, 0.8064464266615108, 0.7031981049134387, 0.7806462355830921, 0.8262020601532336, 0.7431694379465773, 0.9069703698346117, 0.828660179847953, 0.7536619035018777, 0.7866826491024962, 0.8159095901465756, 0.7776348511794622, 0.7790649437807827, 0.7664352857197627, 0.8285982800745233, 0.7704770236950812, 0.7808857015971394, 0.724312172388969, 0.7301199530674454, 0.76647870984243, 0.7538060555238261, 0.7620036888245452, 0.8215768327591509, 0.728556879393307, 0.7775585374949399, 0.7863377216942685, 0.7963149859761587, 0.8107973802869042, 0.7663286484340354, 0.89602158208088, 0.8568679825693196, 0.8749295148941723, 0.9095869660475048, 0.8637638508822904, 0.809580492121766, 0.8563833904085845, 0.6959846873571153, 0.8712176723995383, 0.8070696118670161, 0.754394120732198, 0.6486523515559047, 0.7356091285115182, 0.7436517827005457, 0.8574964142868368, 0.6556034223798867, 0.8822210290030447, 0.6708712346850306, 0.7973987281281015, 0.7702134589641186, 0.700874584429696, 0.7316978572807872, 0.8839047548891069, 0.835716834637591, 0.8326738276545029, 0.8020756198988633, 0.7571289301716906, 0.7952535149145162, 0.9223848217401134, 0.7625277456557439, 0.7235499109367604, 0.8517530967732487, 0.6800985278631675, 0.7968498661227598, 0.6914726590772802, 0.8197112737296608, 0.821965536850824, 0.7432327391186102, 0.8118269201090318, 0.7438248544102275, 0.7920081172708702, 0.6979344432339142, 0.8458721372192364, 0.7006659917295343, 0.8428111669236181, 0.7941205075656671], "overlap_areas": [1056.8447699616827, 1448.0580365826236, 1666.4511926687333, 312.39052258726724, 569.4139977316441, 651.1129005570268, 605.031176943368, 240.62243332300326, 731.4248500907827, 1056.384904069171, 1938.6513002724894, 481.9971413248323, 493.10931273150453, 986.6460556783545, 374.50424022202327, 810.0, 38.34441469181693, 2348.06141970937, 2080.9345727915847, 1034.4616098226377, 1292.218710689916, 792.1476702634977, 1110.9312535747558, 1470.7240000703916, 2738.038905224451, 2175.793709924686, 1500.6190750173, 534.9627686626849, 1286.4270404199083, 1633.5612233409718, 2002.6208581439087, 421.4432760119171, 479.3126567850458, 1616.5189030751044, 1982.948828146129, 1226.6869246576234, 1943.6470230902655, 2391.792070689145, 1046.410825298004, 842.0643585472692, 471.4571500004695, 907.9515582770366, 1591.3446462159054, 1930.4216760704253, 1238.5662815647047, 1175.6654935523297, 2299.3051449557543, 1656.771197226676, 1917.5192893614376, 600.2417736822147, 1172.36849935905, 2097.8345542383267, 803.0296613541449, 1015.8668739172775, 341.00250474108543, 264.27547732831715, 52.0, 511.76806930737723, 540.206107109855, 948.8619872395499, 0.0, 457.82932997611834, 657.6148986812566, 1561.3001834653621, 226.6398294335122, 1630.4159107818803, 380.0047686923706, 1045.264039364832, 1061.5954602516465, 3210.9775593640516, 988.2385296694864, 621.3075082240127, 1113.3884531824094, 1648.4813005278186, 1722.6640989187238, 1282.442943821849, 368.318956601006, 295.909882768189, 703.7036014568856, 155.60953226723265, 642.4214150315229, 1040.5908437897795, 0.053901965119067086, 801.0544293348871, 1477.4838255303234, 227.83442348572942, 940.0682597334045, 772.1779833303195, 2303.672884815284, 217.92971357917747, 1087.1824558748153, 1234.5607927526928, 650.8754524642358, 1292.4071030462771, 714.446866726776, 1886.3723921776834, 367.10076267223565, 1389.460387821678, 694.3714312806493, 341.6226377778201], "cutoff_areas": [1547.3659726915503, 897.91073904726, 541.08284849356, 1921.1912748020295, 950.7095030832406, 2278.715792554236, 607.862742777439, 2403.330921298031, 1350.5483191489366, 1289.5992798628977, 812.2091790335899, 1610.679474678448, 935.01928882213, 752.997397763309, 2059.0851279399467, 1156.0, 874.6173788575306, 807.8904029449186, 1009.5693215398605, 2213.8630900456383, 1322.9342689089308, 1526.345314770011, 1433.081966747999, 1203.2032783795667, 997.230001559783, 1032.4538337818412, 498.9166583675933, 1131.0561822029267, 907.11060374917, 416.72849837314243, 1091.454807764896, 508.8530256419672, 1234.0855447354243, 942.250671090761, 582.4744010836639, 746.0599723728665, 576.8383682130279, 107.13440423435623, 1353.8602404342564, 873.1416179937805, 1823.7726130487208, 333.1914257515673, 1165.533629894404, 831.9666213776454, 1096.6466200109926, 1286.2739512094086, 722.6253917338054, 460.284727942937, 904.5444672668955, 1651.0805250248213, 964.2542836982639, 257.39626931841667, 1231.6214536374164, 1353.2498293792596, 473.07112598053936, 1167.0446969784862, 1198.7048510582754, 454.8332599798814, 878.6987393711643, 955.3330915427896, 1436.1660959141554, 1366.323796452728, 642.9903754732877, 545.1422665552509, 2229.4189632445077, 1931.7893149243755, 1447.9039461924503, 1616.036761645697, 363.4403968799852, 789.8757995630895, 189.55118030006633, 1591.9801449256802, 912.6242655365768, 689.384109830994, 1275.0637876068158, 1400.57848337028, 836.3393953590021, 1356.2587386810374, 992.3492053598438, 1823.634268744133, 1786.2892832515727, 1006.8740070650565, 494.0978806337462, 1573.6681141076724, 1295.0170651020744, 1254.6346087817838, 569.9464616349196, 1259.323355442083, 1042.5595443976672, 1584.957549124214, 556.1621756169425, 1448.111816061205, 1240.5670713693971, 1589.954202271305, 1365.4719605645205, 774.2831754831759, 1174.1778651354016, 1603.8796948829786, 418.3602951850462, 1717.1722865655083], "avr_fill_ratio": 0.7819874761648501, "avr_overlap_area": 1061.631676295339, "avr_cutoff_area": 1109.0794899923242}