{"losses": [5.022295415401459, 4.5119452476501465, 3.898356631398201, 3.3121944963932037, 2.8871389975150428, 2.565682530403137, 2.3183401425679526, 2.1370214844743414, 1.9999739279349646, 1.9371332104007404], "losses_bce_adj": [1.3049844006697338, 1.1087639133135478, 0.9352858662605285, 0.773309662938118, 0.7025471826394399, 0.6367735713720323, 0.5634370893239976, 0.4983113581935565, 0.45574100563923525, 0.4399779736995698], "losses_bce_dir": [3.4717459976673126, 3.1360271324714026, 2.712213496367137, 2.299057816465696, 1.9427474960684776, 1.6898438706994057, 1.5216153984268508, 1.4070908476909003, 1.3126341874400775, 1.2662859881917636], "losses_mse": [0.24556495808064938, 0.26715411990880966, 0.250857263803482, 0.23982701264321807, 0.24184429831802842, 0.23906504362821585, 0.2332876529544592, 0.23161922022700313, 0.2315986938774586, 0.23086921684443948]}